config_file,diameter,num_messages,num_robots,occupancy,real_diameter,simulator_time_us,trial
random_100_20_0.xml,14,2369,100,20,14,225494,0
random_100_20_1.xml,12,2475,100,20,12,187500,1
random_100_20_2.xml,12,2330,100,20,12,185979,2
random_100_20_3.xml,11,2554,100,20,11,182988,3
random_100_20_4.xml,11,2442,100,20,11,190653,4
random_100_20_5.xml,13,2431,100,20,13,214979,5
random_100_20_6.xml,13,2428,100,20,13,199557,6
random_100_20_7.xml,11,2360,100,20,12,185918,7
random_100_20_8.xml,13,2509,100,20,13,205754,8
random_100_20_9.xml,10,2503,100,20,11,173806,9
random_100_40_0.xml,15,2401,100,40,15,234731,0
random_100_40_1.xml,14,2400,100,40,14,216378,1
random_100_40_2.xml,13,2378,100,40,13,196572,2
random_100_40_3.xml,14,2335,100,40,14,214910,3
random_100_40_4.xml,12,2396,100,40,12,192110,4
random_100_40_5.xml,11,2376,100,40,11,181311,5
random_100_40_6.xml,11,2664,100,40,11,175229,6
random_100_40_7.xml,12,2283,100,40,13,191985,7
random_100_40_8.xml,11,2486,100,40,11,169072,8
random_100_40_9.xml,12,2584,100,40,12,188907,9
random_100_60_0.xml,10,2534,100,60,12,169209,0
random_100_60_1.xml,12,2538,100,60,12,198045,1
random_100_60_2.xml,11,2679,100,60,12,181365,2
random_100_60_3.xml,12,2443,100,60,12,198224,3
random_100_60_4.xml,11,2681,100,60,11,189025,4
random_100_60_5.xml,12,2521,100,60,12,193516,5
random_100_60_6.xml,11,2476,100,60,12,196545,6
random_100_60_7.xml,9,2620,100,60,11,181358,7
random_100_60_8.xml,12,2572,100,60,12,196581,8
random_100_60_9.xml,12,2634,100,60,12,202705,9
random_100_80_0.xml,12,2889,100,80,12,193531,0
random_100_80_1.xml,10,2858,100,80,12,187575,1
random_100_80_2.xml,12,2841,100,80,12,198065,2
random_100_80_3.xml,11,2837,100,80,11,176741,3
random_100_80_4.xml,11,2855,100,80,11,176698,4
random_100_80_5.xml,11,2951,100,80,11,185980,5
random_100_80_6.xml,11,2953,100,80,12,188964,6
random_100_80_7.xml,12,2714,100,80,12,193585,7
random_100_80_8.xml,11,2906,100,80,12,195005,8
random_100_80_9.xml,11,2920,100,80,12,181326,9
random_150_20_0.xml,12,3854,150,20,16,202735,0
random_150_20_1.xml,13,3987,150,20,14,222539,1
random_150_20_2.xml,13,3807,150,20,14,204144,2
random_150_20_3.xml,15,3717,150,20,15,237632,3
random_150_20_4.xml,14,3938,150,20,14,219446,4
random_150_20_5.xml,13,3985,150,20,13,208853,5
random_150_20_6.xml,13,3919,150,20,13,214878,6
random_150_20_7.xml,11,4045,150,20,12,195194,7
random_150_20_8.xml,13,3790,150,20,13,195025,8
random_150_20_9.xml,14,3857,150,20,15,220911,9
random_150_40_0.xml,15,4142,150,40,15,216226,0
random_150_40_1.xml,16,4022,150,40,16,245184,1
random_150_40_2.xml,14,4016,150,40,14,217857,2
random_150_40_3.xml,15,4114,150,40,15,234712,3
random_150_40_4.xml,13,3617,150,40,14,215014,4
random_150_40_5.xml,18,3807,150,40,18,294223,5
random_150_40_6.xml,17,3879,150,40,17,257487,6
random_150_40_7.xml,15,3925,150,40,15,233189,7
random_150_40_8.xml,15,3810,150,40,15,234575,8
random_150_40_9.xml,14,3924,150,40,14,230093,9
random_150_60_0.xml,12,4302,150,60,13,207189,0
random_150_60_1.xml,13,4159,150,60,13,204098,1
random_150_60_2.xml,12,4126,150,60,14,208645,2
random_150_60_3.xml,15,4148,150,60,15,233045,3
random_150_60_4.xml,12,4153,150,60,12,184333,4
random_150_60_5.xml,12,4092,150,60,14,198096,5
random_150_60_6.xml,14,4355,150,60,14,228524,6
random_150_60_7.xml,12,4177,150,60,13,216366,7
random_150_60_8.xml,15,4020,150,60,15,233075,8
random_150_60_9.xml,15,4018,150,60,15,239186,9
random_150_80_0.xml,14,4526,150,80,14,217805,0
random_150_80_1.xml,15,4177,150,80,15,234565,1
random_150_80_2.xml,14,4468,150,80,14,236197,2
random_150_80_3.xml,13,4463,150,80,13,214830,3
random_150_80_4.xml,11,4493,150,80,13,204241,4
random_150_80_5.xml,13,4431,150,80,13,219452,5
random_150_80_6.xml,13,4445,150,80,15,211696,6
random_150_80_7.xml,9,4307,150,80,14,217911,7
random_150_80_8.xml,14,4403,150,80,14,236188,8
random_150_80_9.xml,14,4512,150,80,14,222510,9
random_200_20_0.xml,13,5473,200,20,14,219410,0
random_200_20_1.xml,14,5334,200,20,16,240863,1
random_200_20_2.xml,15,5607,200,20,15,236205,2
random_200_20_3.xml,17,5302,200,20,17,245214,3
random_200_20_4.xml,15,5416,200,20,15,246888,4
random_200_20_5.xml,15,5383,200,20,15,237743,5
random_200_20_6.xml,13,5489,200,20,14,210327,6
random_200_20_7.xml,17,5276,200,20,17,265149,7
random_200_20_8.xml,15,5446,200,20,16,245435,8
random_200_20_9.xml,14,5429,200,20,15,236245,9
random_200_40_0.xml,14,5602,200,40,15,217924,0
random_200_40_1.xml,16,5626,200,40,16,260623,1
random_200_40_2.xml,14,5588,200,40,14,231727,2
random_200_40_3.xml,18,5678,200,40,18,274247,3
random_200_40_4.xml,17,5575,200,40,17,254459,4
random_200_40_5.xml,14,5586,200,40,14,222460,5
random_200_40_6.xml,16,5734,200,40,16,242217,6
random_200_40_7.xml,15,5512,200,40,15,248380,7
random_200_40_8.xml,16,5818,200,40,16,254438,8
random_200_40_9.xml,17,5599,200,40,17,286628,9
random_200_60_0.xml,14,5988,200,60,15,236193,0
random_200_60_1.xml,13,5909,200,60,14,233147,1
random_200_60_2.xml,12,5950,200,60,14,202713,2
random_200_60_3.xml,13,5796,200,60,14,224168,3
random_200_60_4.xml,14,5939,200,60,17,231628,4
random_200_60_5.xml,14,6099,200,60,15,231637,5
random_200_60_6.xml,16,5722,200,60,16,265167,6
random_200_60_7.xml,14,5845,200,60,14,228566,7
random_200_60_8.xml,16,6026,200,60,16,260631,8
random_200_60_9.xml,13,5927,200,60,15,237752,9
random_200_80_0.xml,14,5798,200,80,16,236219,0
random_200_80_1.xml,13,5860,200,80,15,224090,1
random_200_80_2.xml,18,5918,200,80,18,289443,2
random_200_80_3.xml,10,5970,200,80,14,209059,3
random_200_80_4.xml,14,5829,200,80,15,234569,4
random_200_80_5.xml,13,5782,200,80,15,237757,5
random_200_80_6.xml,12,6050,200,80,14,220971,6
random_200_80_7.xml,16,5878,200,80,16,246735,7
random_200_80_8.xml,16,5928,200,80,16,251436,8
random_200_80_9.xml,16,5848,200,80,16,248245,9
random_250_20_0.xml,17,7099,250,20,17,258987,0
random_250_20_1.xml,17,6814,250,20,17,268232,1
random_250_20_2.xml,16,6892,250,20,17,260660,2
random_250_20_3.xml,18,6880,250,20,18,274234,3
random_250_20_4.xml,14,7131,250,20,16,256126,4
random_250_20_5.xml,14,6934,250,20,17,226998,5
random_250_20_6.xml,16,6735,250,20,18,263729,6
random_250_20_7.xml,16,6899,250,20,17,278939,7
random_250_20_8.xml,16,6828,250,20,16,260569,8
random_250_20_9.xml,14,6997,250,20,16,227043,9
random_250_40_0.xml,15,7051,250,40,15,262180,0
random_250_40_1.xml,18,7027,250,40,18,303227,1
random_250_40_2.xml,15,7176,250,40,16,243704,2
random_250_40_3.xml,15,7145,250,40,15,233186,3
random_250_40_4.xml,16,7004,250,40,16,260603,4
random_250_40_5.xml,15,7163,250,40,15,252984,5
random_250_40_6.xml,18,7178,250,40,18,261885,6
random_250_40_7.xml,16,7148,250,40,17,249956,7
random_250_40_8.xml,14,7115,250,40,15,254505,8
random_250_40_9.xml,17,7149,250,40,17,261955,9
random_250_60_0.xml,13,7461,250,60,17,228663,0
random_250_60_1.xml,16,7374,250,60,16,278902,1
random_250_60_2.xml,14,7478,250,60,15,227020,2
random_250_60_3.xml,15,7480,250,60,17,236124,3
random_250_60_4.xml,14,7164,250,60,17,259103,4
random_250_60_5.xml,14,7336,250,60,17,245314,5
random_250_60_6.xml,16,7548,250,60,16,257481,6
random_250_60_7.xml,16,7405,250,60,16,269721,7
random_250_60_8.xml,16,6973,250,60,16,265137,8
random_250_60_9.xml,14,7719,250,60,15,231645,9
random_250_80_0.xml,15,7863,250,80,17,239202,0
random_250_80_1.xml,16,7630,250,80,17,278905,1
random_250_80_2.xml,14,7607,250,80,18,236237,2
random_250_80_3.xml,15,7754,250,80,15,252975,3
random_250_80_4.xml,14,8026,250,80,16,254507,4
random_250_80_5.xml,15,7722,250,80,16,252963,5
random_250_80_6.xml,15,7737,250,80,16,248391,6
random_250_80_7.xml,17,7550,250,80,17,281883,7
random_250_80_8.xml,15,7817,250,80,16,248380,8
random_250_80_9.xml,16,7596,250,80,17,254444,9
random_300_20_0.xml,16,8811,300,20,16,246859,0
random_300_20_1.xml,17,8659,300,20,18,283444,1
random_300_20_2.xml,17,8448,300,20,17,272831,2
random_300_20_3.xml,16,8511,300,20,16,269857,3
random_300_20_4.xml,14,8600,300,20,18,242327,4
random_300_20_5.xml,17,8497,300,20,17,277310,5
random_300_20_6.xml,17,8320,300,20,17,269686,6
random_300_20_7.xml,19,8210,300,20,19,286398,7
random_300_20_8.xml,14,8809,300,20,16,231734,8
random_300_20_9.xml,17,8674,300,20,17,271275,9
random_300_40_0.xml,17,8352,300,40,18,272865,0
random_300_40_1.xml,16,8784,300,40,17,269620,1
random_300_40_2.xml,16,8671,300,40,16,259032,2
random_300_40_3.xml,17,8624,300,40,18,281906,3
random_300_40_4.xml,16,9024,300,40,16,265280,4
random_300_40_5.xml,17,8866,300,40,17,271270,5
random_300_40_6.xml,15,9002,300,40,17,239308,6
random_300_40_7.xml,18,9135,300,40,18,267988,7
random_300_40_8.xml,17,8576,300,40,17,277282,8
random_300_40_9.xml,18,8564,300,40,18,289555,9
random_300_60_0.xml,19,9076,300,60,19,293955,0
random_300_60_1.xml,18,9233,300,60,18,284830,1
random_300_60_2.xml,19,9282,300,60,19,292527,2
random_300_60_3.xml,17,9025,300,60,19,277401,3
random_300_60_4.xml,15,9310,300,60,18,262031,4
random_300_60_5.xml,16,9071,300,60,18,269767,5
random_300_60_6.xml,19,9062,300,60,19,310788,6
random_300_60_7.xml,17,8977,300,60,17,281898,7
random_300_60_8.xml,15,9181,300,60,17,257490,8
random_300_60_9.xml,17,9327,300,60,17,272685,9
random_300_80_0.xml,17,9073,300,80,17,272768,0
random_300_80_1.xml,19,8934,300,80,19,315425,1
random_300_80_2.xml,18,9406,300,80,18,271158,2
random_300_80_3.xml,16,9312,300,80,17,274364,3
random_300_80_4.xml,17,9154,300,80,17,291080,4
random_300_80_5.xml,16,9248,300,80,19,272478,5
random_300_80_6.xml,18,9253,300,80,18,292497,6
random_300_80_7.xml,18,9042,300,80,19,274218,7
random_300_80_8.xml,19,9170,300,80,19,296995,8
random_300_80_9.xml,16,8991,300,80,17,265227,9
random_350_20_0.xml,17,9925,350,20,18,280361,0
random_350_20_1.xml,17,10163,350,20,18,271159,1
random_350_20_2.xml,16,10400,350,20,18,257434,2
random_350_20_3.xml,19,10201,350,20,19,304700,3
random_350_20_4.xml,17,10306,350,20,17,277318,4
random_350_20_5.xml,18,10276,350,20,19,278763,5
random_350_20_6.xml,17,10275,350,20,17,277264,6
random_350_20_7.xml,19,9867,350,20,19,313937,7
random_350_20_8.xml,18,10213,350,20,18,289546,8
random_350_20_9.xml,21,9869,350,20,21,324545,9
random_350_40_0.xml,16,10258,350,40,19,278945,0
random_350_40_1.xml,17,10386,350,40,17,281890,1
random_350_40_2.xml,17,10306,350,40,18,269670,2
random_350_40_3.xml,17,10404,350,40,17,291101,3
random_350_40_4.xml,16,10512,350,40,16,269734,4
random_350_40_5.xml,20,10542,350,40,20,330635,5
random_350_40_6.xml,19,10118,350,40,19,286430,6
random_350_40_7.xml,16,10628,350,40,17,272719,7
random_350_40_8.xml,18,10321,350,40,18,275740,8
random_350_40_9.xml,19,10199,350,40,19,290947,9
random_350_60_0.xml,17,10611,350,60,17,272781,0
random_350_60_1.xml,18,10996,350,60,18,284925,1
random_350_60_2.xml,18,10583,350,60,18,292543,2
random_350_60_3.xml,15,10592,350,60,18,266704,3
random_350_60_4.xml,17,10624,350,60,18,268116,4
random_350_60_5.xml,20,10631,350,60,20,298482,5
random_350_60_6.xml,19,10873,350,60,19,304678,6
random_350_60_7.xml,19,10665,350,60,19,304729,7
random_350_60_8.xml,19,10392,350,60,19,300101,8
random_350_60_9.xml,15,10831,350,60,17,253033,9
random_350_80_0.xml,17,10997,350,80,18,280252,0
random_350_80_1.xml,16,10989,350,80,18,255926,1
random_350_80_2.xml,15,10672,350,80,18,266673,2
random_350_80_3.xml,20,11001,350,80,20,322987,3
random_350_80_4.xml,20,10936,350,80,20,318350,4
random_350_80_5.xml,17,11143,350,80,18,306416,5
random_350_80_6.xml,18,11174,350,80,19,287944,6
random_350_80_7.xml,18,10886,350,80,18,298743,7
random_350_80_8.xml,17,11091,350,80,18,271159,8
random_350_80_9.xml,20,10829,350,80,20,332283,9
random_400_20_0.xml,19,11968,400,20,20,327589,0
random_400_20_1.xml,18,11674,400,20,19,303266,1
random_400_20_2.xml,18,11462,400,20,18,274223,2
random_400_20_3.xml,19,11530,400,20,19,306299,3
random_400_20_4.xml,16,12081,400,20,19,256067,4
random_400_20_5.xml,18,11850,400,20,18,297161,5
random_400_20_6.xml,17,12022,400,20,18,281984,6
random_400_20_7.xml,17,12004,400,20,22,281903,7
random_400_20_8.xml,18,11673,400,20,18,298779,8
random_400_20_9.xml,17,11971,400,20,20,268231,9
random_400_40_0.xml,17,12278,400,40,18,281897,0
random_400_40_1.xml,17,12375,400,40,18,281976,1
random_400_40_2.xml,18,12294,400,40,18,284893,2
random_400_40_3.xml,20,12608,400,40,20,336835,3
random_400_40_4.xml,20,12637,400,40,20,312397,4
random_400_40_5.xml,19,12345,400,40,19,291003,5
random_400_40_6.xml,18,12264,400,40,18,298752,6
random_400_40_7.xml,17,11863,400,40,20,275841,7
random_400_40_8.xml,21,12034,400,40,21,338331,8
random_400_40_9.xml,18,12295,400,40,18,289456,9
random_400_60_0.xml,17,12757,400,60,19,281967,0
random_400_60_1.xml,19,12552,400,60,19,286408,1
random_400_60_2.xml,18,12409,400,60,19,303284,2
random_400_60_3.xml,18,12505,400,60,18,292518,3
random_400_60_4.xml,20,12397,400,60,20,318498,4
random_400_60_5.xml,17,12408,400,60,18,295627,5
random_400_60_6.xml,17,12518,400,60,19,286485,6
random_400_60_7.xml,19,12743,400,60,19,292479,7
random_400_60_8.xml,18,12534,400,60,18,294043,8
random_400_60_9.xml,19,12474,400,60,19,310816,9
random_400_80_0.xml,15,13032,400,80,18,277505,0
random_400_80_1.xml,20,13115,400,80,20,303126,1
random_400_80_2.xml,19,13127,400,80,19,297013,2
random_400_80_3.xml,20,12810,400,80,20,318370,3
random_400_80_4.xml,15,12995,400,80,19,268289,4
random_400_80_5.xml,20,13262,400,80,20,332278,5
random_400_80_6.xml,17,13001,400,80,18,300202,6
random_400_80_7.xml,18,13285,400,80,18,289428,7
random_400_80_8.xml,17,12859,400,80,19,306417,8
random_400_80_9.xml,18,13064,400,80,18,298673,9
random_450_20_0.xml,19,13611,450,20,19,294081,0
random_450_20_1.xml,20,13452,450,20,20,304741,1
random_450_20_2.xml,18,13303,450,20,19,274163,2
random_450_20_3.xml,19,13147,450,20,19,301639,3
random_450_20_4.xml,21,13395,450,20,21,333732,4
random_450_20_5.xml,19,13615,450,20,20,309381,5
random_450_20_6.xml,23,13274,450,20,23,376287,6
random_450_20_7.xml,18,13641,450,20,18,284979,7
random_450_20_8.xml,17,13638,450,20,19,277316,8
random_450_20_9.xml,20,13647,450,20,20,312396,9
random_450_40_0.xml,20,13690,450,40,20,300120,0
random_450_40_1.xml,22,13507,450,40,22,341181,1
random_450_40_2.xml,19,13724,450,40,19,306323,2
random_450_40_3.xml,18,13994,450,40,18,294055,3
random_450_40_4.xml,18,13469,450,40,20,312330,4
random_450_40_5.xml,18,13418,450,40,19,298637,5
random_450_40_6.xml,20,13626,450,40,20,292421,6
random_450_40_7.xml,20,13649,450,40,20,326051,7
random_450_40_8.xml,18,13757,450,40,20,301709,8
random_450_40_9.xml,22,13764,450,40,22,345767,9
random_450_60_0.xml,18,14027,450,60,21,292519,0
random_450_60_1.xml,19,13743,450,60,19,324646,1
random_450_60_2.xml,18,14041,450,60,18,283321,2
random_450_60_3.xml,19,13932,450,60,19,306318,3
random_450_60_4.xml,22,14131,450,60,22,351942,4
random_450_60_5.xml,18,13628,450,60,20,297171,5
random_450_60_6.xml,18,14026,450,60,20,287893,6
random_450_60_7.xml,21,14114,450,60,21,333606,7
random_450_60_8.xml,19,14240,450,60,19,318477,8
random_450_60_9.xml,17,13979,450,60,19,304818,9
random_450_80_0.xml,21,14416,450,80,21,324403,0
random_450_80_1.xml,19,14124,450,80,22,306212,1
random_450_80_2.xml,20,14625,450,80,20,341357,2
random_450_80_3.xml,18,14473,450,80,19,294072,3
random_450_80_4.xml,22,14262,450,80,22,365714,4
random_450_80_5.xml,20,14286,450,80,21,312253,5
random_450_80_6.xml,22,14288,450,80,22,330454,6
random_450_80_7.xml,19,14346,450,80,20,306245,7
random_450_80_8.xml,18,14335,450,80,20,321499,8
random_450_80_9.xml,21,14592,450,80,21,319924,9
random_500_20_0.xml,20,15103,500,20,20,307635,0
random_500_20_1.xml,19,15152,500,20,20,309279,1
random_500_20_2.xml,19,15202,500,20,20,329145,2
random_500_20_3.xml,22,14903,500,20,22,356615,3
random_500_20_4.xml,19,15070,500,20,23,301703,4
random_500_20_5.xml,17,15241,500,20,20,286492,5
random_500_20_6.xml,21,15107,500,20,21,324537,6
random_500_20_7.xml,20,15119,500,20,20,313762,7
random_500_20_8.xml,17,14840,500,20,19,272705,8
random_500_20_9.xml,21,15331,500,20,21,332045,9
random_500_40_0.xml,20,15662,500,40,20,306127,0
random_500_40_1.xml,20,15199,500,40,20,318356,1
random_500_40_2.xml,23,15571,500,40,23,344252,2
random_500_40_3.xml,19,15104,500,40,20,320019,3
random_500_40_4.xml,21,15213,500,40,21,304571,4
random_500_40_5.xml,18,15243,500,40,20,294061,5
random_500_40_6.xml,20,15454,500,40,21,309272,6
random_500_40_7.xml,21,15556,500,40,21,332171,7
random_500_40_8.xml,21,15237,500,40,21,344414,8
random_500_40_9.xml,20,15634,500,40,20,324514,9
random_500_60_0.xml,19,15642,500,60,20,298662,0
random_500_60_1.xml,20,15844,500,60,20,330598,1
random_500_60_2.xml,21,16256,500,60,21,330544,2
random_500_60_3.xml,21,15523,500,60,21,335230,3
random_500_60_4.xml,21,15813,500,60,21,333738,4
random_500_60_5.xml,20,15534,500,60,20,309287,5
random_500_60_6.xml,21,15616,500,60,21,315239,6
random_500_60_7.xml,17,15759,500,60,21,309498,7
random_500_60_8.xml,22,16129,500,60,22,333519,8
random_500_60_9.xml,23,15555,500,60,23,345737,9
random_500_80_0.xml,18,16442,500,80,20,294064,0
random_500_80_1.xml,22,16442,500,80,22,370367,1
random_500_80_2.xml,20,16513,500,80,20,315423,2
random_500_80_3.xml,20,16211,500,80,21,328978,3
random_500_80_4.xml,19,16015,500,80,21,315380,4
random_500_80_5.xml,20,16676,500,80,21,336737,5
random_500_80_6.xml,17,16298,500,80,20,286497,6
random_500_80_7.xml,19,16063,500,80,21,304697,7
random_500_80_8.xml,17,16184,500,80,21,277419,8
random_500_80_9.xml,20,16228,500,80,22,330609,9
random_50_20_0.xml,9,1104,50,20,9,152436,0
random_50_20_1.xml,10,965,50,20,10,178431,1
random_50_20_2.xml,12,858,50,20,12,192112,2
random_50_20_3.xml,12,986,50,20,12,198244,3
random_50_20_4.xml,10,884,50,20,10,169231,4
random_50_20_5.xml,11,934,50,20,11,181446,5
random_50_20_6.xml,10,963,50,20,10,173784,6
random_50_20_7.xml,10,1015,50,20,11,187499,7
random_50_20_8.xml,10,1026,50,20,10,153851,8
random_50_20_9.xml,9,1038,50,20,9,143225,9
random_50_40_0.xml,10,1063,50,40,11,187506,0
random_50_40_1.xml,9,1039,50,40,10,150767,1
random_50_40_2.xml,9,1217,50,40,10,157000,2
random_50_40_3.xml,9,1167,50,40,9,147913,3
random_50_40_4.xml,9,1137,50,40,9,157024,4
random_50_40_5.xml,8,1120,50,40,10,138716,5
random_50_40_6.xml,9,1135,50,40,9,147941,6
random_50_40_7.xml,9,1055,50,40,9,147824,7
random_50_40_8.xml,9,1134,50,40,9,143221,8
random_50_40_9.xml,7,1167,50,40,8,137204,9
random_50_60_0.xml,7,1199,50,60,9,140165,0
random_50_60_1.xml,8,1120,50,60,9,141685,1
random_50_60_2.xml,10,1011,50,60,10,161553,2
random_50_60_3.xml,7,1245,50,60,8,134230,3
random_50_60_4.xml,9,1137,50,60,9,149378,4
random_50_60_5.xml,9,1074,50,60,9,150898,5
random_50_60_6.xml,8,1150,50,60,9,140274,6
random_50_60_7.xml,11,1078,50,60,11,170701,7
random_50_60_8.xml,9,1120,50,60,9,152398,8
random_50_60_9.xml,9,1040,50,60,10,158565,9
random_50_80_0.xml,7,1337,50,80,8,118890,0
random_50_80_1.xml,8,1261,50,80,9,140238,1
random_50_80_2.xml,9,1262,50,80,9,147779,2
random_50_80_3.xml,8,1247,50,80,9,149354,3
random_50_80_4.xml,9,1264,50,80,9,147811,4
random_50_80_5.xml,9,1231,50,80,9,152390,5
random_50_80_6.xml,8,1342,50,80,9,144836,6
random_50_80_7.xml,9,1374,50,80,9,147774,7
random_50_80_8.xml,9,1311,50,80,9,140132,8
random_50_80_9.xml,7,1265,50,80,9,150863,9
random_550_20_0.xml,21,16914,550,20,21,321361,0
random_550_20_1.xml,18,17296,550,20,19,297127,1
random_550_20_2.xml,21,16806,550,20,21,344362,2
random_550_20_3.xml,21,16912,550,20,21,312200,3
random_550_20_4.xml,22,16343,550,20,22,352007,4
random_550_20_5.xml,21,16791,550,20,23,338230,5
random_550_20_6.xml,20,16692,550,20,21,321424,6
random_550_20_7.xml,19,16770,550,20,20,316957,7
random_550_20_8.xml,20,16742,550,20,20,332270,8
random_550_20_9.xml,18,16653,550,20,20,289463,9
random_550_40_0.xml,21,16869,550,40,21,330655,0
random_550_40_1.xml,19,17425,550,40,22,315408,1
random_550_40_2.xml,21,16962,550,40,21,321465,2
random_550_40_3.xml,22,17207,550,40,22,344234,3
random_550_40_4.xml,21,16664,550,40,21,344469,4
random_550_40_5.xml,23,16888,550,40,24,351910,5
random_550_40_6.xml,22,17158,550,40,22,342731,6
random_550_40_7.xml,21,16916,550,40,22,324374,7
random_550_40_8.xml,20,17345,550,40,21,303206,8
random_550_40_9.xml,20,16853,550,40,20,327670,9
random_550_60_0.xml,20,17492,550,60,25,336785,0
random_550_60_1.xml,22,17324,550,60,22,370313,1
random_550_60_2.xml,22,17240,550,60,22,352022,2
random_550_60_3.xml,21,17683,550,60,21,330510,3
random_550_60_4.xml,21,17772,550,60,22,371826,4
random_550_60_5.xml,20,17561,550,60,22,347294,5
random_550_60_6.xml,17,17874,550,60,21,309278,6
random_550_60_7.xml,20,17506,550,60,21,318365,7
random_550_60_8.xml,21,17623,550,60,21,344477,8
random_550_60_9.xml,21,17362,550,60,21,326031,9
random_550_80_0.xml,20,18162,550,80,21,315332,0
random_550_80_1.xml,19,18115,550,80,22,313894,1
random_550_80_2.xml,21,18069,550,80,21,332114,2
random_550_80_3.xml,22,17958,550,80,22,351845,3
random_550_80_4.xml,20,18355,550,80,22,327557,4
random_550_80_5.xml,20,18194,550,80,20,327611,5
random_550_80_6.xml,21,18403,550,80,21,335112,6
random_550_80_7.xml,20,18274,550,80,20,315311,7
random_550_80_8.xml,23,18153,550,80,23,364062,8
random_550_80_9.xml,21,18371,550,80,21,330568,9
random_600_20_0.xml,23,18607,600,20,23,367252,0
random_600_20_1.xml,20,18616,600,20,20,341328,1
random_600_20_2.xml,22,18507,600,20,22,361097,2
random_600_20_3.xml,20,18343,600,20,21,321517,3
random_600_20_4.xml,20,18471,600,20,22,332153,4
random_600_20_5.xml,21,17993,600,20,23,338210,5
random_600_20_6.xml,22,18264,600,20,23,339667,6
random_600_20_7.xml,22,18811,600,20,22,345876,7
random_600_20_8.xml,22,18536,600,20,22,347333,8
random_600_20_9.xml,23,18381,600,20,23,358011,9
random_600_40_0.xml,19,18640,600,40,21,297048,0
random_600_40_1.xml,20,18629,600,40,21,327573,1
random_600_40_2.xml,20,18661,600,40,21,316869,2
random_600_40_3.xml,21,18309,600,40,21,321415,3
random_600_40_4.xml,23,18777,600,40,23,354925,4
random_600_40_5.xml,19,18643,600,40,21,315423,5
random_600_40_6.xml,22,18937,600,40,22,347333,6
random_600_40_7.xml,24,18654,600,40,24,365603,7
random_600_40_8.xml,22,18474,600,40,22,345772,8
random_600_40_9.xml,21,19001,600,40,21,344306,9
random_600_60_0.xml,20,19382,600,60,23,324483,0
random_600_60_1.xml,20,19271,600,60,22,342931,1
random_600_60_2.xml,21,19560,600,60,23,329140,2
random_600_60_3.xml,23,19113,600,60,23,347168,3
random_600_60_4.xml,22,19286,600,60,22,330434,4
random_600_60_5.xml,23,19352,600,60,23,350301,5
random_600_60_6.xml,20,19899,600,60,21,354975,6
random_600_60_7.xml,21,19381,600,60,21,335159,7
random_600_60_8.xml,23,19601,600,60,23,380935,8
random_600_60_9.xml,22,19478,600,60,22,330444,9
random_600_80_0.xml,21,19434,600,80,21,348938,0
random_600_80_1.xml,20,19892,600,80,21,322982,1
random_600_80_2.xml,22,19852,600,80,22,354983,2
random_600_80_3.xml,23,19519,600,80,23,382462,3
random_600_80_4.xml,22,19481,600,80,22,351848,4
random_600_80_5.xml,21,19624,600,80,21,344355,5
random_600_80_6.xml,18,19489,600,80,21,304769,6
random_600_80_7.xml,18,19440,600,80,20,303245,7
random_600_80_8.xml,22,19657,600,80,22,356477,8
random_600_80_9.xml,20,19256,600,80,22,341391,9
random_650_20_0.xml,23,20250,650,20,23,341144,0
random_650_20_1.xml,23,20093,650,20,23,353321,1
random_650_20_2.xml,21,20395,650,20,21,339856,2
random_650_20_3.xml,20,20409,650,20,22,332229,3
random_650_20_4.xml,22,20256,650,20,22,370320,4
random_650_20_5.xml,20,20027,650,20,21,345888,5
random_650_20_6.xml,21,20166,650,20,21,330530,6
random_650_20_7.xml,23,20160,650,20,23,362603,7
random_650_20_8.xml,24,20207,650,20,24,376216,8
random_650_20_9.xml,21,20205,650,20,22,347460,9
random_650_40_0.xml,21,20523,650,40,21,344439,0
random_650_40_1.xml,18,20946,650,40,21,303230,1
random_650_40_2.xml,22,20654,650,40,23,355006,2
random_650_40_3.xml,22,20801,650,40,23,368676,3
random_650_40_4.xml,25,19891,650,40,25,397608,4
random_650_40_5.xml,22,20411,650,40,23,347432,5
random_650_40_6.xml,23,20897,650,40,23,377886,6
random_650_40_7.xml,23,20590,650,40,23,357933,7
random_650_40_8.xml,22,20297,650,40,22,342698,8
random_650_40_9.xml,21,20764,650,40,22,353431,9
random_650_60_0.xml,20,20985,650,60,21,324632,0
random_650_60_1.xml,20,20875,650,60,22,341378,1
random_650_60_2.xml,22,20844,650,60,23,356500,2
random_650_60_3.xml,20,20695,650,60,21,323029,3
random_650_60_4.xml,20,20984,650,60,21,321481,4
random_650_60_5.xml,20,21065,650,60,21,326047,5
random_650_60_6.xml,22,20815,650,60,23,374865,6
random_650_60_7.xml,22,20796,650,60,22,341313,7
random_650_60_8.xml,22,20588,650,60,22,351999,8
random_650_60_9.xml,23,20897,650,60,23,367235,9
random_650_80_0.xml,20,21559,650,80,22,324491,0
random_650_80_1.xml,26,21433,650,80,26,417379,1
random_650_80_2.xml,22,21163,650,80,22,351886,2
random_650_80_3.xml,21,21673,650,80,22,344339,3
random_650_80_4.xml,21,21735,650,80,22,330652,4
random_650_80_5.xml,22,20974,650,80,24,361077,5
random_650_80_6.xml,23,21787,650,80,23,359445,6
random_650_80_7.xml,25,21230,650,80,25,370059,7
random_650_80_8.xml,24,21631,650,80,24,376186,8
random_650_80_9.xml,21,21324,650,80,24,358112,9
random_700_20_0.xml,19,21879,700,20,22,315242,0
random_700_20_1.xml,24,22308,700,20,24,380898,1
random_700_20_2.xml,25,21928,700,20,25,402254,2
random_700_20_3.xml,26,21319,700,20,26,399066,3
random_700_20_4.xml,27,21718,700,20,27,400442,4
random_700_20_5.xml,20,21947,700,20,22,327681,5
random_700_20_6.xml,23,21954,700,20,23,373252,6
random_700_20_7.xml,22,21936,700,20,24,356589,7
random_700_20_8.xml,21,22062,700,20,22,338279,8
random_700_20_9.xml,22,21325,700,20,23,336670,9
random_700_40_0.xml,22,22045,700,40,22,347385,0
random_700_40_1.xml,22,22316,700,40,22,342810,1
random_700_40_2.xml,24,21993,700,40,24,397816,2
random_700_40_3.xml,24,22095,700,40,24,359336,3
random_700_40_4.xml,26,21366,700,40,26,396119,4
random_700_40_5.xml,20,21933,700,40,22,341389,5
random_700_40_6.xml,21,22012,700,40,24,339665,6
random_700_40_7.xml,22,21778,700,40,24,364185,7
random_700_40_8.xml,25,21608,700,40,25,406879,8
random_700_40_9.xml,24,22131,700,40,24,370201,9
random_700_60_0.xml,22,22419,700,60,26,386747,0
random_700_60_1.xml,20,22653,700,60,23,345974,1
random_700_60_2.xml,24,22930,700,60,24,370139,2
random_700_60_3.xml,22,22239,700,60,25,350399,3
random_700_60_4.xml,22,22700,700,60,23,339654,4
random_700_60_5.xml,22,22749,700,60,22,351957,5
random_700_60_6.xml,24,22659,700,60,24,380752,6
random_700_60_7.xml,21,22732,700,60,24,348947,7
random_700_60_8.xml,20,22813,700,60,22,341263,8
random_700_60_9.xml,23,22450,700,60,23,373391,9
random_700_80_0.xml,23,22979,700,80,23,377995,0
random_700_80_1.xml,22,23339,700,80,22,342679,1
random_700_80_2.xml,24,23633,700,80,24,380783,2
random_700_80_3.xml,22,23393,700,80,22,365720,3
random_700_80_4.xml,27,23242,700,80,27,422004,4
random_700_80_5.xml,20,23689,700,80,21,332190,5
random_700_80_6.xml,23,23473,700,80,23,368630,6
random_700_80_7.xml,21,23517,700,80,23,344351,7
random_700_80_8.xml,27,23403,700,80,27,415870,8
random_700_80_9.xml,21,23565,700,80,23,341283,9
random_750_20_0.xml,25,23559,750,20,25,382362,0
random_750_20_1.xml,22,23841,750,20,23,361110,1
random_750_20_2.xml,23,23572,750,20,23,377839,2
random_750_20_3.xml,22,23396,750,20,22,359689,3
random_750_20_4.xml,22,23652,750,20,23,370412,4
random_750_20_5.xml,23,23188,750,20,23,377814,5
random_750_20_6.xml,22,23538,750,20,25,356563,6
random_750_20_7.xml,24,23416,750,20,24,388501,7
random_750_20_8.xml,19,23590,750,20,22,358019,8
random_750_20_9.xml,23,23380,750,20,24,362653,9
random_750_40_0.xml,22,23890,750,40,24,354983,0
random_750_40_1.xml,21,23951,750,40,22,344386,1
random_750_40_2.xml,23,23236,750,40,24,377843,2
random_750_40_3.xml,26,23158,750,40,28,401892,3
random_750_40_4.xml,23,23781,750,40,23,382452,4
random_750_40_5.xml,23,23347,750,40,23,362562,5
random_750_40_6.xml,22,23981,750,40,23,342825,6
random_750_40_7.xml,23,23856,750,40,23,344240,7
random_750_40_8.xml,25,23956,750,40,25,374695,8
random_750_40_9.xml,23,23908,750,40,23,367151,9
random_750_60_0.xml,21,24340,750,60,22,371847,0
random_750_60_1.xml,20,24333,750,60,22,336784,1
random_750_60_2.xml,22,24739,750,60,23,365732,2
random_750_60_3.xml,20,24844,750,60,24,327709,3
random_750_60_4.xml,23,24580,750,60,23,373229,4
random_750_60_5.xml,22,24704,750,60,23,344343,5
random_750_60_6.xml,22,24304,750,60,23,361083,6
random_750_60_7.xml,22,24578,750,60,23,354985,7
random_750_60_8.xml,25,24633,750,60,25,391545,8
random_750_60_9.xml,23,24597,750,60,23,382420,9
random_750_80_0.xml,22,25842,750,80,23,361120,0
random_750_80_1.xml,24,24917,750,80,25,385366,1
random_750_80_2.xml,22,25425,750,80,24,361055,2
random_750_80_3.xml,22,25557,750,80,23,383963,3
random_750_80_4.xml,20,25535,750,80,25,338181,4
random_750_80_5.xml,24,25287,750,80,24,394700,5
random_750_80_6.xml,24,25638,750,80,24,385379,6
random_750_80_7.xml,24,25398,750,80,27,390020,7
random_750_80_8.xml,20,25341,750,80,24,332227,8
random_750_80_9.xml,19,25258,750,80,23,315404,9
random_800_20_0.xml,22,25123,800,20,22,350370,0
random_800_20_1.xml,22,25489,800,20,22,347274,1
random_800_20_2.xml,23,25526,800,20,23,377855,2
random_800_20_3.xml,24,25495,800,20,24,370203,3
random_800_20_4.xml,23,25526,800,20,24,370275,4
random_800_20_5.xml,24,25241,800,20,25,390125,5
random_800_20_6.xml,21,25170,800,20,22,344507,6
random_800_20_7.xml,29,25136,800,20,29,429467,7
random_800_20_8.xml,22,25026,800,20,24,351969,8
random_800_20_9.xml,25,25226,800,20,25,393060,9
random_800_40_0.xml,25,25194,800,40,25,387007,0
random_800_40_1.xml,23,25589,800,40,23,373260,1
random_800_40_2.xml,24,25607,800,40,24,374697,2
random_800_40_3.xml,23,25769,800,40,23,387072,3
random_800_40_4.xml,19,26005,800,40,22,355062,4
random_800_40_5.xml,22,25716,800,40,22,361202,5
random_800_40_6.xml,21,25715,800,40,24,353517,6
random_800_40_7.xml,23,25321,800,40,23,379526,7
random_800_40_8.xml,21,25793,800,40,24,344379,8
random_800_40_9.xml,23,25336,800,40,25,376302,9
random_800_60_0.xml,21,26001,800,60,23,348939,0
random_800_60_1.xml,22,26161,800,60,23,351831,1
random_800_60_2.xml,20,25696,800,60,24,342870,2
random_800_60_3.xml,20,26587,800,60,22,319711,3
random_800_60_4.xml,23,25941,800,60,23,358051,4
random_800_60_5.xml,22,25669,800,60,22,370230,5
random_800_60_6.xml,22,26640,800,60,22,339631,6
random_800_60_7.xml,24,25960,800,60,24,389980,7
random_800_60_8.xml,26,25627,800,60,26,399017,8
random_800_60_9.xml,24,25257,800,60,24,394615,9
random_800_80_0.xml,23,27218,800,80,23,364030,0
random_800_80_1.xml,24,27622,800,80,24,380777,1
random_800_80_2.xml,25,27431,800,80,25,388332,2
random_800_80_3.xml,25,27741,800,80,25,415956,3
random_800_80_4.xml,23,27529,800,80,25,391562,4
random_800_80_5.xml,24,27320,800,80,25,385371,5
random_800_80_6.xml,23,27492,800,80,25,368636,6
random_800_80_7.xml,26,27338,800,80,26,409683,7
random_800_80_8.xml,22,27587,800,80,26,365737,8
random_800_80_9.xml,24,27698,800,80,24,367019,9
random_850_20_0.xml,23,26780,850,20,24,393348,0
random_850_20_1.xml,21,27010,850,20,25,357736,1
random_850_20_2.xml,27,26909,850,20,27,401955,2
random_850_20_3.xml,25,26972,850,20,25,397650,3
random_850_20_4.xml,24,27128,850,20,24,370138,4
random_850_20_5.xml,22,27202,850,20,22,347367,5
random_850_20_6.xml,26,27036,850,20,26,392941,6
random_850_20_7.xml,22,26759,850,20,22,365714,7
random_850_20_8.xml,25,26987,850,20,25,385452,8
random_850_20_9.xml,24,27165,850,20,26,408219,9
random_850_40_0.xml,26,27233,850,40,26,417403,0
random_850_40_1.xml,25,27674,850,40,25,389886,1
random_850_40_2.xml,23,27095,850,40,23,357994,2
random_850_40_3.xml,24,27463,850,40,24,376190,3
random_850_40_4.xml,24,27784,850,40,25,376209,4
random_850_40_5.xml,25,27471,850,40,25,400810,5
random_850_40_6.xml,24,27160,850,40,25,374714,6
random_850_40_7.xml,20,27395,850,40,22,352157,7
random_850_40_8.xml,25,27853,850,40,25,402276,8
random_850_40_9.xml,21,27669,850,40,23,358121,9
random_850_60_0.xml,24,28221,850,60,24,399244,0
random_850_60_1.xml,22,27988,850,60,22,356477,1
random_850_60_2.xml,25,27933,850,60,25,402308,2
random_850_60_3.xml,20,27667,850,60,27,335272,3
random_850_60_4.xml,24,28086,850,60,24,367174,4
random_850_60_5.xml,23,27513,850,60,26,371730,5
random_850_60_6.xml,21,27477,850,60,25,348981,6
random_850_60_7.xml,25,27709,850,60,25,406819,7
random_850_60_8.xml,24,27308,850,60,25,388473,8
random_850_60_9.xml,24,28265,850,60,24,377729,9
random_850_80_0.xml,24,28492,850,80,24,399184,0
random_850_80_1.xml,22,28422,850,80,24,365724,1
random_850_80_2.xml,23,28921,850,80,26,387046,2
random_850_80_3.xml,22,28236,850,80,24,382454,3
random_850_80_4.xml,24,28288,850,80,25,412884,4
random_850_80_5.xml,20,28549,850,80,22,353550,5
random_850_80_6.xml,24,28394,850,80,24,394611,6
random_850_80_7.xml,25,28188,850,80,26,391450,7
random_850_80_8.xml,26,28801,850,80,26,412880,8
random_850_80_9.xml,25,28826,850,80,25,392972,9
random_900_20_0.xml,26,28479,900,20,26,398990,0
random_900_20_1.xml,23,28570,900,20,24,383965,1
random_900_20_2.xml,24,28448,900,20,27,396261,2
random_900_20_3.xml,24,28657,900,20,24,403949,3
random_900_20_4.xml,24,28909,900,20,24,385537,4
random_900_20_5.xml,22,28710,900,20,25,351927,5
random_900_20_6.xml,21,28630,900,20,25,341428,6
random_900_20_7.xml,25,28316,900,20,25,380861,7
random_900_20_8.xml,25,28718,900,20,25,391486,8
random_900_20_9.xml,23,28889,900,20,23,373214,9
random_900_40_0.xml,21,29124,900,40,24,344334,0
random_900_40_1.xml,25,28929,900,40,27,400758,1
random_900_40_2.xml,24,28936,900,40,25,367026,2
random_900_40_3.xml,29,29314,900,40,29,427867,3
random_900_40_4.xml,24,28958,900,40,25,394538,4
random_900_40_5.xml,21,28948,900,40,24,339858,5
random_900_40_6.xml,25,29115,900,40,25,388396,6
random_900_40_7.xml,24,29241,900,40,25,368474,7
random_900_40_8.xml,24,28572,900,40,24,394610,8
random_900_40_9.xml,26,28690,900,40,26,412815,9
random_900_60_0.xml,25,30046,900,60,25,391432,0
random_900_60_1.xml,22,29638,900,60,27,356508,1
random_900_60_2.xml,23,29635,900,60,24,345675,2
random_900_60_3.xml,23,29882,900,60,23,373222,3
random_900_60_4.xml,25,29768,900,60,25,374590,4
random_900_60_5.xml,21,29755,900,60,25,367425,5
random_900_60_6.xml,24,29723,900,60,24,390036,6
random_900_60_7.xml,23,30058,900,60,25,377844,7
random_900_60_8.xml,24,29836,900,60,25,389961,8
random_900_60_9.xml,23,29750,900,60,25,359443,9
random_900_80_0.xml,24,30394,900,80,24,376365,0
random_900_80_1.xml,25,30575,900,80,25,406744,1
random_900_80_2.xml,23,30346,900,80,25,373361,2
random_900_80_3.xml,20,30271,900,80,26,385835,3
random_900_80_4.xml,23,30587,900,80,24,382452,4
random_900_80_5.xml,22,30569,900,80,27,374802,5
random_900_80_6.xml,21,30154,900,80,27,367202,6
random_900_80_7.xml,23,30663,900,80,23,364084,7
random_900_80_8.xml,26,30819,900,80,26,428105,8
random_900_80_9.xml,25,30253,900,80,25,393072,9
random_950_20_0.xml,23,30520,950,20,26,362646,0
random_950_20_1.xml,25,30062,950,20,25,377765,1
random_950_20_2.xml,23,30574,950,20,24,382549,2
random_950_20_3.xml,24,30972,950,20,24,380810,3
random_950_20_4.xml,27,30550,950,20,27,420480,4
random_950_20_5.xml,28,30568,950,20,28,443229,5
random_950_20_6.xml,24,30463,950,20,25,383872,6
random_950_20_7.xml,24,30573,950,20,24,379384,7
random_950_20_8.xml,19,30914,950,20,26,310935,8
random_950_20_9.xml,24,30283,950,20,27,385134,9
random_950_40_0.xml,21,31453,950,40,24,371591,0
random_950_40_1.xml,24,30619,950,40,25,365557,1
random_950_40_2.xml,26,30355,950,40,26,403674,2
random_950_40_3.xml,27,31216,950,40,27,397400,3
random_950_40_4.xml,22,31243,950,40,24,359570,4
random_950_40_5.xml,27,30979,950,40,27,417256,5
random_950_40_6.xml,23,30620,950,40,23,367163,6
random_950_40_7.xml,23,30732,950,40,25,368787,7
random_950_40_8.xml,25,31312,950,40,26,409692,8
random_950_40_9.xml,26,30326,950,40,26,422003,9
random_950_60_0.xml,25,32144,950,60,25,397668,0
random_950_60_1.xml,26,31234,950,60,26,409724,1
random_950_60_2.xml,24,31436,950,60,26,373203,2
random_950_60_3.xml,25,31540,950,60,25,409847,3
random_950_60_4.xml,23,31850,950,60,24,368668,4
random_950_60_5.xml,27,31367,950,60,27,425016,5
random_950_60_6.xml,22,31817,950,60,25,359216,6
random_950_60_7.xml,24,31809,950,60,24,393098,7
random_950_60_8.xml,24,31661,950,60,24,370227,8
random_950_60_9.xml,21,31888,950,60,24,373362,9
random_950_80_0.xml,26,32213,950,80,26,412941,0
random_950_80_1.xml,27,31910,950,80,27,424994,1
random_950_80_2.xml,27,32101,950,80,27,435684,2
random_950_80_3.xml,26,32437,950,80,26,428201,3
random_950_80_4.xml,23,32378,950,80,26,368768,4
random_950_80_5.xml,22,32644,950,80,23,338200,5
random_950_80_6.xml,25,32578,950,80,25,411340,6
random_950_80_7.xml,27,32374,950,80,27,435649,7
random_950_80_8.xml,25,32577,950,80,26,396063,8
random_950_80_9.xml,24,32589,950,80,24,390021,9
